Protein_ID,Peptide_ID,Log_Affinity
1VRK_B_A,1VRK_B_A,0.832508913
2KJ4_B_A,2KJ4_B_A,1.812913357
2OQJ_C_A,2OQJ_C_A,5.301029996
2OTK_C_E,2OTK_C_E,1.230448921
3BKY_P_H,3BKY_P_H,1.477121255
3IXT_P_H,3IXT_P_H,-1.455931956
3O40_B_A,3O40_B_A,0.146128036
3PP4_P_H,3PP4_P_H,3.84509804
4BKL_E_A,4BKL_E_A,2.437750563
4DZV_B_A,4DZV_B_A,1.041392685
4N8C_X_H,4N8C_X_H,-0.397940009
5DRZ_Q_A,5DRZ_Q_A,0.643452676
5GHW_P_H,5GHW_P_H,0.982271233
5KN5_C_A,5KN5_C_A,-0.991399828
6BB4_P_H,6BB4_P_H,1.187520721
6BLH_G_H,6BLH_G_H,0.612783857
6BLI_C_A,6BLI_C_A,-0.283996656
6CBP_P_A,6CBP_P_A,3.84509804
6D01_I_A,6D01_I_A,2.456366033
6H06_I_A,6H06_I_A,3.748188027
6H0E_I_A,6H0E_I_A,2.380211242
1F90_E_H,1F90_E_H,1.075546961
1JP5_C_A,1JP5_C_A,-0.22184875
1TET_P_H,1TET_P_H,2.919078092
2EH8_P_H,2EH8_P_H,1.041392685
2FX7_P_H,2FX7_P_H,1.301029996
2FX8_P_H,2FX8_P_H,2.480006943
2FX9_P_H,2FX9_P_H,1.230448921
2HKF_P_H,2HKF_P_H,2.62324929
2HRP_P_H,2HRP_P_H,0.698970004
2OR9_P_H,2OR9_P_H,2.698970004
2QHR_P_H,2QHR_P_H,1.612783857
2R0Z_Q_H,2R0Z_Q_H,3.531478917
2XZQ_P_H,2XZQ_P_H,2.414973348
2Y06_P_H,2Y06_P_H,2.903089987
2Y07_P_H,2Y07_P_H,2.77815125
2Y36_P_H,2Y36_P_H,2.579783597
2Y6S_P_C,2Y6S_P_C,2.012837225
2ZPK_P_H,2ZPK_P_H,1.243038049
3E8U_P_H,3E8U_P_H,-0.420216403
3EYF_E_B,3EYF_E_B,1.973127854
3EYS_Q_H,3EYS_Q_H,3.477121255
3EYU_Q_H,3EYU_Q_H,1.380211242
3FN0_P_H,3FN0_P_H,4.602059991
3G5V_C_A,3G5V_C_A,1.204119983
3G5Y_E_A,3G5Y_E_A,1.544068044
3GGW_E_A,3GGW_E_A,3.462397998
3GHE_P_H,3GHE_P_H,3.113943352
3IET_X_A,3IET_X_A,2.146128036
3IFL_P_H,3IFL_P_H,0.924279286
3IFO_P_H,3IFO_P_H,1.736396502
3IFP_P_H,3IFP_P_H,1.389166084
3KD7_G_B,3KD7_G_B,5.301029996
3LRH_B_A,3LRH_B_A,1.653212514
3O6L_C_H,3O6L_C_H,1.491361694
3O6M_C_H,3O6M_C_H,1.51851394
3TFK_B_C,3TFK_B_C,3.986771734
3TJH_B_C,3TJH_B_C,3.591064607
3TPU_J_B,3TPU_J_B,4.681241237
3U0T_E_B,3U0T_E_B,-0.522878745
3UYR_P_H,3UYR_P_H,2.103803721
4GLR_A_H,4GLR_A_H,-0.455931956
4GW1_E_A,4GW1_E_A,2.633468456
4GW5_E_A,4GW5_E_A,3.544068044
4HS6_Z_A,4HS6_Z_A,1.477121255
4HS8_A_H,4HS8_A_H,1.079181246
4J8R_I_A,4J8R_I_A,1.301029996
4JFX_P_H,4JFX_P_H,2.556302501
4JFZ_P_H,4JFZ_P_H,1.851258349
4JG0_P_H,4JG0_P_H,2.235528447
4JG1_P_H,4JG1_P_H,2.365487985
4JMG_B_A,4JMG_B_A,0.176091259
4JMH_B_A,4JMH_B_A,0.322219295
4M1D_P_H,4M1D_P_H,1.361727836
4O4Y_A_H,4O4Y_A_H,1.190331698
4ONF_P_H,4ONF_P_H,0.079181246
4QOK_C_D,4QOK_C_D,3.806179974
4QXT_Q_A,4QXT_Q_A,1.204119983
4QY8_Q_A,4QY8_Q_A,1.806179974
4QYO_Q_A,4QYO_Q_A,0.77815125
4R3S_Q_A,4R3S_Q_A,0.77815125
4RIS_P_H,4RIS_P_H,2.954242509
4WHT_A_B,4WHT_A_B,0.897627091
4WHY_A_I,4WHY_A_I,0.897627091
4XGZ_A_B,4XGZ_A_B,1.380211242
4XH2_A_B,4XH2_A_B,0.77815125
4YHP_P_H,4YHP_P_H,0.301029996
4YHZ_P_H,4YHZ_P_H,1.041392685
5AEI_D_A,5AEI_D_A,0.041392685
5CSZ_D_H,5CSZ_D_H,1.230448921
5DD0_P_H,5DD0_P_H,1.922725458
5E2V_P_H,5E2V_P_H,2.919601024
5EOC_P_H,5EOC_P_H,1.481442629
5ESQ_E_A,5ESQ_E_A,3.204119983
5ETU_E_A,5ETU_E_A,5.113943352
5FF6_E_A,5FF6_E_A,3.977723605
5HPM_E_A,5HPM_E_A,1.86923172
5I8C_C_A,5I8C_C_A,1.397940009
5ICX_E_A,5ICX_E_A,2.041392685
5ICY_E_A,5ICY_E_A,3.939519253
5ICZ_E_A,5ICZ_E_A,3.698970004
5ID0_E_A,5ID0_E_A,3.230448921
5ID1_E_C,5ID1_E_C,2.748188027
5IOP_E_A,5IOP_E_A,4.462397998
5ISZ_C_D,5ISZ_C_D,4.505149978
5IVN_B_A,5IVN_B_A,0.146128036
5JHD_C_D,5JHD_C_D,4.477121255
5JZI_C_D,5JZI_C_D,4.204119983
5KZP_A_H,5KZP_A_H,1.84509804
5MYK_C_A,5MYK_C_A,-0.004364805
5MYO_E_A,5MYO_E_A,-1.537602002
5MYX_E_A,5MYX_E_A,0.835690571
5NME_C_D,5NME_C_D,1.913813852
5NMF_C_D,5NMF_C_D,1.579783597
5NMG_C_D,5NMG_C_D,3.247973266
5T1K_E_A,5T1K_E_A,2.72427587
5T1L_E_A,5T1L_E_A,2.380211242
5T1M_E_A,5T1M_E_A,3.176091259
5T6P_E_C,5T6P_E_C,2.944482672
5TH2_E_A,5TH2_E_A,4.477121255
5TKJ_C_A,5TKJ_C_A,0.854306042
5TKK_A_H,5TKK_A_H,0.723455672
5VZY_A_H,5VZY_A_H,0.505149978
5W1V_C_D,5W1V_C_D,4.572871602
5W1W_C_D,5W1W_C_D,3.477121255
5WKF_C_D,5WKF_C_D,5.133538908
5WKH_C_D,5WKH_C_D,5.153814864
5WTT_P_B,5WTT_P_B,2.397940009
5YY4_B_A,5YY4_B_A,2.568201724
5ZIA_R_E,5ZIA_R_E,2.477121255
6AU5_E_A,6AU5_E_A,3.431363764
6AXK_E_A,6AXK_E_A,2.484299839
6AXL_G_A,6AXL_G_A,1.892094603
6AZK_E_A,6AZK_E_A,3.361727836
6B5O_A_H,6B5O_A_H,0.668385917
6B5R_A_H,6B5R_A_H,0.227886705
6B5T_A_H,6B5T_A_H,0.344392274
6BJ2_C_D,6BJ2_C_D,3.602059991
6BJ3_C_D,6BJ3_C_D,4.230448921
6CDM_C_A,6CDM_C_A,-0.09420412
6CDO_C_A,6CDO_C_A,0.025305865
6CDP_C_A,6CDP_C_A,0.214843848
6CT7_S_A,6CT7_S_A,2
6F7T_C_H,6F7T_C_H,-0.443697499
1AN1_I_E,1AN1_I_E,-0.045757491
1DPJ_B_A,1DPJ_B_A,0.477121255
1EB1_L_H,1EB1_L_H,-1.431798276
1EES_B_A,1EES_B_A,1.301029996
1G5J_B_A,1G5J_B_A,-0.22184875
1G9I_I_E,1G9I_I_E,2.079181246
1GL0_I_E,1GL0_I_E,-0.096910013
1GL1_I_A,1GL1_I_A,-0.886056648
1HIA_I_A,1HIA_I_A,1.113943352
1I5K_C_A,1I5K_C_A,1.62324929
1IHS_I_H,1IHS_I_H,-0.522878745
1J2J_B_A,1J2J_B_A,3.146128036
1JGN_B_A,1JGN_B_A,2.544068044
1JH4_B_A,1JH4_B_A,3.176091259
1KBH_A_B,1KBH_A_B,1.531478917
1LJ2_C_A,1LJ2_C_A,4.431363764
1LM8_H_V,1LM8_H_V,2.342422681
1LQB_D_C,1LQB_D_C,1.491361694
1M5N_Q_S,1M5N_Q_S,0.322219295
1MCV_I_A,1MCV_I_A,1.991226076
1MZW_B_A,1MZW_B_A,3.294466226
1O9A_B_A,1O9A_B_A,3
1OZS_B_A,1OZS_B_A,4.491361694
1P22_C_A,1P22_C_A,2.681241237
1PD7_B_A,1PD7_B_A,2.477121255
1PJM_A_B,1PJM_A_B,2.255272505
1PJN_A_B,1PJN_A_B,1.342422681
1PSB_C_A,1PSB_C_A,4.301029996
1Q5W_A_B,1Q5W_A_B,5.100370545
1RKC_B_A,1RKC_B_A,1.591064607
1SB0_B_A,1SB0_B_A,4.176091259
1SMF_I_E,1SMF_I_E,2.079181246
1SYQ_B_A,1SYQ_B_A,1.167317335
1T01_B_A,1T01_B_A,1.591064607
1T08_B_A,1T08_B_A,3.491361694
1TT5_E_B,1TT5_E_B,4.342422681
1V18_B_A,1V18_B_A,1
1VYT_E_A,1VYT_E_A,1.301029996
1WA7_B_A,1WA7_B_A,3.981365509
1WLP_A_B,1WLP_A_B,2.806179974
1YDI_B_A,1YDI_B_A,0.250420002
1YK0_E_A,1YK0_E_A,-0.017728767
1YK1_E_A,1YK1_E_A,1.6599162
1ZSG_B_A,1ZSG_B_A,3.875061263
2A7U_A_B,2A7U_A_B,2.079181246
2A9H_E_A,2A9H_E_A,2.954242509
2C1M_B_A,2C1M_B_A,0.041392685
2D10_E_A,2D10_E_A,0.230448921
2D1K_C_A,2D1K_C_A,2.361727836
2F31_B_A,2F31_B_A,2.008600172
2F6A_E_A,2F6A_E_A,2.301029996
2GWW_B_A,2GWW_B_A,-0.958607315
2HQW_B_A,2HQW_B_A,0.301029996
2HSQ_B_A,2HSQ_B_A,0.820201459
2I3S_B_A,2I3S_B_A,3.556302501
2IBF_B_A,2IBF_B_A,0.892094603
2IHS_C_A,2IHS_C_A,1.602059991
2JOD_B_A,2JOD_B_A,2.544068044
2JTT_C_A,2JTT_C_A,3.69019608
2K2U_B_A,2K2U_B_A,2.556302501
2K3U_B_A,2K3U_B_A,0.924279286
2K42_B_A,2K42_B_A,1.544068044
2K8F_B_A,2K8F_B_A,3.431363764
2KA6_B_A,2KA6_B_A,1.716003344
2KBW_B_A,2KBW_B_A,2.505149978
2KC8_B_A,2KC8_B_A,2.301029996
2KHS_B_A,2KHS_B_A,2.556302501
2KQS_B_A,2KQS_B_A,4.742725131
2KRI_B_A,2KRI_B_A,4.662757832
2KT5_B_A,2KT5_B_A,4.447158031
2KWJ_B_A,2KWJ_B_A,2.698970004
2KWO_B_A,2KWO_B_A,4.671172843
2KXH_B_A,2KXH_B_A,4.146128036
2KXW_B_A,2KXW_B_A,1
2L14_B_A,2L14_B_A,3.491361694
2L1L_A_B,2L1L_A_B,0.84509804
2LEH_B_A,2LEH_B_A,0.51851394
2LKM_A_B,2LKM_A_B,1.079181246
2LNK_C_A,2LNK_C_A,0.602059991
2LP0_B_A,2LP0_B_A,4.346352974
2LPB_B_A,2LPB_B_A,4.004321374
2LQC_B_A,2LQC_B_A,3.462397998
2M04_B_A,2M04_B_A,1
2M0J_B_A,2M0J_B_A,1.079181246
2M55_B_A,2M55_B_A,4.544068044
2MAK_B_A,2MAK_B_A,5.491361694
2MFQ_B_A,2MFQ_B_A,3.716003344
2MNU_B_A,2MNU_B_A,2.361727836
2MRE_B_A,2MRE_B_A,4.278753601
2MRO_B_A,2MRO_B_A,5.176091259
2MV7_B_A,2MV7_B_A,0.193124598
2MZD_B_A,2MZD_B_A,2.942999593
2N8J_B_A,2N8J_B_A,1.029383778
2OIN_C_A,2OIN_C_A,2.707570176
2OT8_C_A,2OT8_C_A,1.301029996
2P1L_B_A,2P1L_B_A,3.361727836
2P8Q_B_A,2P8Q_B_A,1.193124598
2PON_A_B,2PON_A_B,3.146128036
2QIY_C_A,2QIY_C_A,2.075546961
2QXV_B_A,2QXV_B_A,2.579783597
2ROZ_A_B,2ROZ_A_B,2.505149978
2RR3_B_A,2RR3_B_A,3.322219295
2V1D_C_A,2V1D_C_A,1.698970004
2V51_E_D,2V51_E_D,3
2V52_M_B,2V52_M_B,3.278753601
2VAY_B_A,2VAY_B_A,0.897627091
2VDA_B_A,2VDA_B_A,3.477121255
2VOF_B_A,2VOF_B_A,-0.15490196
2VOG_B_A,2VOG_B_A,2.322219295
2VOH_B_A,2VOH_B_A,0
2VOI_B_A,2VOI_B_A,0.041392685
2W84_B_A,2W84_B_A,1.84509804
2WBY_C_A,2WBY_C_A,1.301029996
2WH6_B_A,2WH6_B_A,1.255272505
2WX0_C_A,2WX0_C_A,3.903089987
2XA0_C_A,2XA0_C_A,1.547774705
2XNS_C_A,2XNS_C_A,2.908485019
2XPX_B_A,2XPX_B_A,2.176091259
2XZE_Q_A,2XZE_Q_A,2.053078443
2Y48_C_A,2Y48_C_A,5.322219295
2Y8S_B_A,2Y8S_B_A,-0.004803708
2Y8T_B_A,2Y8T_B_A,1.008600172
2YQ7_B_A,2YQ7_B_A,1.544068044
2Z34_C_A,2Z34_C_A,2.949390007
2ZVK_U_A,2ZVK_U_A,2.602059991
3AA0_C_B,3AA0_C_B,3.602059991
3AA6_C_A,3AA6_C_A,2.414973348
3AJB_B_A,3AJB_B_A,1.610660163
3B23_C_B,3B23_C_B,-0.49757288
3C4M_C_A,3C4M_C_A,2.991226076
3C66_C_A,3C66_C_A,3.477121255
3DVM_B_A,3DVM_B_A,0.635483747
3DVU_C_A,3DVU_C_A,2.301029996
3DXC_B_A,3DXC_B_A,2.342422681
3DXD_B_A,3DXD_B_A,2.531478917
3DXE_B_A,3DXE_B_A,2.51851394
3ECH_C_A,3ECH_C_A,2.477121255
3EJH_E_A,3EJH_E_A,3.698970004
3FIE_C_A,3FIE_C_A,0
3FII_B_A,3FII_B_A,0.278753601
3GJ3_B_A,3GJ3_B_A,4.69019608
3GJ4_B_A,3GJ4_B_A,3.819543936
3GJ5_B_A,3GJ5_B_A,4.672097858
3GJ6_B_A,3GJ6_B_A,3.812913357
3GS2_B_A,3GS2_B_A,0.963787827
3H3G_B_A,3H3G_B_A,2.995635195
3H8K_B_A,3H8K_B_A,1.322219295
3HTU_B_A,3HTU_B_A,3.255272505
3IXS_B_A,3IXS_B_A,1.954242509
3K6G_D_A,3K6G_D_A,1.217483944
3KJ0_B_A,3KJ0_B_A,0.301029996
3KJ1_B_A,3KJ1_B_A,0.301029996
3KJ2_B_A,3KJ2_B_A,0.301029996
3KV4_B_A,3KV4_B_A,3
3KZ0_C_A,3KZ0_C_A,2.436162647
3LK4_C_A,3LK4_C_A,0.176091259
3MHP_C_A,3MHP_C_A,3.439332694
3MJH_B_A,3MJH_B_A,3.380211242
3O34_B_A,3O34_B_A,3.944482672
3OAK_C_B,3OAK_C_B,2.230448921
3OIQ_B_A,3OIQ_B_A,3.579783597
3OWT_C_A,3OWT_C_A,3.396199347
3R0L_A_D,3R0L_A_D,0.653212514
3R85_E_A,3R85_E_A,4.615950052
3RO2_B_A,3RO2_B_A,1.662757832
3SJD_D_B,3SJD_D_B,1.491361694
3SRI_B_A,3SRI_B_A,2.217483944
3SYN_E_A,3SYN_E_A,2.77815125
3TEI_B_A,3TEI_B_A,2.698970004
3TVJ_I_B,3TVJ_I_B,0.77815125
3TZ1_B_A,3TZ1_B_A,2.149219113
3UKX_C_B,3UKX_C_B,-1.522878745
3UKZ_C_B,3UKZ_C_B,0.380211242
3UL0_C_B,3UL0_C_B,0.361727836
3UL1_A_B,3UL1_A_B,0.431363764
3VUX_E_B,3VUX_E_B,3.954242509
3VZA_E_A,3VZA_E_A,2.682145076
3WN7_B_A,3WN7_B_A,0.863917377
3WWQ_C_A,3WWQ_C_A,4.555094449
3ZRZ_C_A,3ZRZ_C_A,-1.522878745
3ZS9_C_B,3ZS9_C_B,2.176091259
3ZWH_Q_A,3ZWH_Q_A,3.187520721
3ZWL_E_B,3ZWL_E_B,2.204119983
3ZWZ_B_A,3ZWZ_B_A,1.307496038
4A1S_C_A,4A1S_C_A,0.698970004
4A1U_B_A,4A1U_B_A,2.73239376
4AOQ_D_A,4AOQ_D_A,2.304921162
4AOR_D_A,4AOR_D_A,1.784617293
4AUO_C_A,4AUO_C_A,2.602059991
4B1X_M_B,4B1X_M_B,3.63748973
4B1Y_M_B,4B1Y_M_B,2.431363764
4BQD_C_A,4BQD_C_A,-0.301029996
4BRU_B_A,4BRU_B_A,2.301029996
4BWQ_B_A,4BWQ_B_A,4.294466226
4C5G_B_A,4C5G_B_A,3.012837225
4CU4_B_A,4CU4_B_A,3.079181246
4D2G_D_B,4D2G_D_B,3.745074792
4DAY_C_A,4DAY_C_A,0.653212514
4DJ9_B_A,4DJ9_B_A,1.995635195
4DJZ_H_B,4DJZ_H_B,0.84509804
4DM6_E_A,4DM6_E_A,3.176091259
4DOQ_B_A,4DOQ_B_A,2.146128036
4EHQ_G_A,4EHQ_G_A,3.113943352
4F0Z_C_A,4F0Z_C_A,0.602059991
4FT4_P_A,4FT4_P_A,2.698970004
4FTG_E_A,4FTG_E_A,1.477121255
4G35_B_A,4G35_B_A,1.73239376
4GEQ_E_C,4GEQ_E_C,3.544068044
4GU0_E_A,4GU0_E_A,2.869818208
4GUR_C_A,4GUR_C_A,2.832508913
4H3P_B_A,4H3P_B_A,3.301029996
4HIX_A_H,4HIX_A_H,2.178976947
4IKA_D_A,4IKA_D_A,4.759667845
4J2L_C_A,4J2L_C_A,1.946943271
4JO6_Y_A,4JO6_Y_A,0.184691431
4JS0_B_A,4JS0_B_A,3.698970004
4K0A_R_A,4K0A_R_A,-0.744727495
4L67_B_A,4L67_B_A,2.505149978
4LZX_B_A,4LZX_B_A,0.705007959
4M38_E_A,4M38_E_A,4.079181246
4MI8_C_A,4MI8_C_A,3.139879086
4MQV_B_A,4MQV_B_A,3.462397998
4NAW_D_A,4NAW_D_A,1.612783857
4NE9_D_B,4NE9_D_B,3.068185862
4NU1_B_A,4NU1_B_A,4.77815125
4OJK_C_A,4OJK_C_A,4.342422681
4PBZ_B_A,4PBZ_B_A,1.698970004
4PC0_C_A,4PC0_C_A,2.301029996
4PSX_C_A,4PSX_C_A,2.531478917
4PVZ_C_A,4PVZ_C_A,1.436162647
4PZ6_P_B,4PZ6_P_B,2.322219295
4QLB_G_C,4QLB_G_C,3.204119983
4RJF_B_A,4RJF_B_A,2.397940009
4THN_I_H,4THN_I_H,-1.045757491
4TQ1_B_A,4TQ1_B_A,5.544068044
4UF1_B_A,4UF1_B_A,3.843855423
4UWX_C_A,4UWX_C_A,3.838849091
4WFD_C_A,4WFD_C_A,3.113943352
4WNN_T_C,4WNN_T_C,2.903089987
4YIZ_B_A,4YIZ_B_A,0.903089987
4YJ4_B_A,4YJ4_B_A,0.995635195
4YL8_B_A,4YL8_B_A,3.73239376
4YPI_G_C,4YPI_G_C,1.28780173
4YYP_B_A,4YYP_B_A,2.447158031
4Z80_C_A,4Z80_C_A,1.079181246
4Z9V_C_A,4Z9V_C_A,4.079181246
4ZRK_E_A,4ZRK_E_A,3
4ZW2_B_A,4ZW2_B_A,0.69019608
5AJJ_B_A,5AJJ_B_A,3.507855872
5AJK_B_A,5AJK_B_A,3.421603927
5B75_B_A,5B75_B_A,4
5B76_B_A,5B76_B_A,3.763427994
5BRM_G_A,5BRM_G_A,2.075546961
5CX3_E_A,5CX3_E_A,2.73239376
5DH9_D_C,5DH9_D_C,1.568201724
5DHA_D_C,5DHA_D_C,2.892094603
5DI9_D_C,5DI9_D_C,3.380211242
5EIB_F_C,5EIB_F_C,3.681241237
5EIV_C_A,5EIV_C_A,4.450249108
5ET1_C_A,5ET1_C_A,2.029383778
5F5O_B_A,5F5O_B_A,2.209515015
5FVK_C_A,5FVK_C_A,3.255272505
5FW5_C_A,5FW5_C_A,1.903089987
5FZT_B_A,5FZT_B_A,4.681241237
5GIM_D_B,5GIM_D_B,-0.263603498
5GTB_B_A,5GTB_B_A,4.662757832
5H3J_B_A,5H3J_B_A,2.431363764
5H6Q_C_A,5H6Q_C_A,1.77815125
5H7Y_B_A,5H7Y_B_A,2.096910013
5HYC_C_A,5HYC_C_A,4.181843588
5IBW_C_A,5IBW_C_A,-0.602059991
5INB_B_A,5INB_B_A,2.089905111
5J28_C_A,5J28_C_A,2.285557309
5J8H_B_A,5J8H_B_A,2.184691431
5K8Q_B_A,5K8Q_B_A,-0.045757491
5KXH_B_A,5KXH_B_A,2.69019608
5KY0_B_A,5KY0_B_A,3.812913357
5KY4_B_A,5KY4_B_A,4
5KY5_B_A,5KY5_B_A,2.897627091
5KY9_B_A,5KY9_B_A,3.770852012
5L6N_I_H,5L6N_I_H,0.484299839
5LI1_B_A,5LI1_B_A,2.672097858
5LXM_D_A,5LXM_D_A,2.255272505
5LZ6_B_A,5LZ6_B_A,3.903089987
5M36_C_B,5M36_C_B,3.439332694
5MJY_E_A,5MJY_E_A,4.053078443
5MK0_B_A,5MK0_B_A,3.491361694
5NQF_B_A,5NQF_B_A,2.227886705
5NQG_B_A,5NQG_B_A,1.698970004
5NVM_B_A,5NVM_B_A,1.146128036
5NVN_B_A,5NVN_B_A,1.740362689
5NWM_B_A,5NWM_B_A,1.602059991
5OAQ_L_A,5OAQ_L_A,1.763427994
5ONA_C_B,5ONA_C_B,2.26245109
5OO6_C_A,5OO6_C_A,3
5OOB_E_C,5OOB_E_C,3.51851394
5OY9_D_A,5OY9_D_A,3.574031268
5OYL_D_A,5OYL_D_A,3.875061263
5SVI_A_B,5SVI_A_B,3.832508913
5SXP_F_A,5SXP_F_A,3.201397124
5TGH_B_A,5TGH_B_A,2.977723605
5TP6_B_A,5TP6_B_A,0.278753601
5TUV_C_A,5TUV_C_A,2.903089987
5TWA_D_A,5TWA_D_A,1.819543936
5TZP_B_A,5TZP_B_A,1.477121255
5TZQ_C_B,5TZQ_C_B,1.204119983
5U4K_B_A,5U4K_B_A,4.176091259
5UA4_B_A,5UA4_B_A,1.414973348
5UUL_B_A,5UUL_B_A,0.681241237
5UWH_D_C,5UWH_D_C,2.826074803
5UWO_D_C,5UWO_D_C,3.477121255
5UWQ_D_C,5UWQ_D_C,4.301029996
5UWS_D_C,5UWS_D_C,3.176091259
5UWU_D_C,5UWU_D_C,3.662757832
5VKL_B_A,5VKL_B_A,2.053078443
5VKO_B_A,5VKO_B_A,0.602059991
5VT9_C_A,5VT9_C_A,1
5VWX_B_A,5VWX_B_A,1.173186268
5VWY_B_A,5VWY_B_A,3.113943352
5VX2_B_A,5VX2_B_A,0.397940009
5VX3_B_A,5VX3_B_A,-0.397940009
5WGG_B_A,5WGG_B_A,2.84509804
5WOS_B_A,5WOS_B_A,2.547774705
5WY2_B_A,5WY2_B_A,2.73239376
5X60_C_A,5X60_C_A,1.477121255
5XCO_B_A,5XCO_B_A,0.949390007
5XOD_B_A,5XOD_B_A,1.44870632
5XSQ_B_A,5XSQ_B_A,0.866287339
5XYF_B_A,5XYF_B_A,3.021189299
5YI8_B_A,5YI8_B_A,3.255272505
5YIP_B_A,5YIP_B_A,0.568201724
5YIR_C_D,5YIR_C_D,-0.568636236
5YIS_D_B,5YIS_D_B,0.62324929
6AAF_B_A,6AAF_B_A,2.206825876
6C48_F_B,6C48_F_B,1.602059991
6D1U_D_A,6D1U_D_A,3.559906625
6E3I_B_A,6E3I_B_A,0.506505032
6E3J_B_A,6E3J_B_A,1.145507171
6G04_B_A,6G04_B_A,2.84509804
6GD5_B_A,6GD5_B_A,0.579783597
1A37_P_A,1A37_P_A,2.079181246
1ABT_B_A,1ABT_B_A,3.146128036
1AQC_C_A,1AQC_C_A,3.658964843
1AVP_B_A,1AVP_B_A,1.079181246
1AWI_P_A,1AWI_P_A,4.954242509
1AZE_B_A,1AZE_B_A,4.77815125
1BBZ_B_A,1BBZ_B_A,3.176091259
1BHF_I_A,1BHF_I_A,4.62324929
1BJR_I_E,1BJR_I_E,1.322219295
1BR8_P_I,1BR8_P_I,4.255272505
1BT6_C_A,1BT6_C_A,3.301029996
1BXL_B_A,1BXL_B_A,2.531478917
1BZH_I_A,1BZH_I_A,2.230448921
1CKA_B_A,1CKA_B_A,3.278753601
1CKB_B_A,1CKB_B_A,3.716003344
1CWB_C_A,1CWB_C_A,1.113943352
1D4T_B_A,1D4T_B_A,2.812913357
1DDM_B_A,1DDM_B_A,3.230448921
1DKD_E_A,1DKD_E_A,3.301029996
1DPU_B_A,1DPU_B_A,3
1DXP_C_A,1DXP_C_A,1.431363764
1EKB_A_B,1EKB_A_B,3
1ELR_B_A,1ELR_B_A,4.041392685
1EVH_B_A,1EVH_B_A,5.779596491
1F47_A_B,1F47_A_B,4.334453751
1F8A_C_B,1F8A_C_B,4
1F9E_Q_A,1F9E_Q_A,0.301029996
1FCH_C_A,1FCH_C_A,1.84509804
1FF1_B_A,1FF1_B_A,4.079181246
1FHR_P_A,1FHR_P_A,5
1FKN_C_A,1FKN_C_A,0.204119983
1G1E_A_B,1G1E_A_B,1.462397998
1G3F_B_A,1G3F_B_A,2.633468456
1G6G_E_A,1G6G_E_A,2.72427587
1GAG_B_A,1GAG_B_A,2.875061263
1GUW_B_A,1GUW_B_A,3.278753601
1GUX_E_B,1GUX_E_B,2.041392685
1GVU_I_A,1GVU_I_A,0
1GVX_I_A,1GVX_I_A,1.77815125
1GWQ_C_A,1GWQ_C_A,1.880813592
1H24_E_B,1H24_E_B,2.698970004
1H25_E_B,1H25_E_B,3.255272505
1H26_E_B,1H26_E_B,3.462397998
1H27_E_B,1H27_E_B,3.397940009
1H28_E_B,1H28_E_B,2.477121255
1H3H_B_A,1H3H_B_A,2.342422681
1H6E_P_A,1H6E_P_A,2.84509804
1H9L_A_B,1H9L_A_B,5.880813592
1I3Z_B_A,1I3Z_B_A,2.117271296
1I8I_C_A,1I8I_C_A,1.342422681
1IDG_B_A,1IDG_B_A,1.812913357
1ILQ_C_A,1ILQ_C_A,4.113943352
1IQ1_A_C,1IQ1_A_C,1.544068044
1IRS_B_A,1IRS_B_A,3.77815125
1IWQ_B_A,1IWQ_B_A,0.944482672
1J19_B_A,1J19_B_A,1.214843848
1J4P_B_A,1J4P_B_A,4.008600172
1J4Q_B_A,1J4Q_B_A,2.556302501
1JD5_B_A,1JD5_B_A,2.380211242
1JD6_B_A,1JD6_B_A,1.612783857
1JM4_A_B,1JM4_A_B,4
1JPL_E_A,1JPL_E_A,4
1JQ8_P_A,1JQ8_P_A,3.004321374
1JUQ_E_A,1JUQ_E_A,4.748188027
1JYC_P_A,1JYC_P_A,4.662757832
1KA7_B_A,1KA7_B_A,2.77815125
1KL3_E_A,1KL3_E_A,3.136720567
1L0A_B_A,1L0A_B_A,4.378397901
1L2Z_B_A,1L2Z_B_A,5.307496038
1LB6_B_A,1LB6_B_A,4.924279286
1LCJ_B_A,1LCJ_B_A,0
1M4H_C_A,1M4H_C_A,-0.522878745
1MF4_B_A,1MF4_B_A,1.008600172
1MFG_B_A,1MFG_B_A,4.698970004
1MPA_P_H,1MPA_P_H,0.959041392
1MQ1_C_A,1MQ1_C_A,2.414973348
1MV0_A_B,1MV0_A_B,4.969881644
1MWN_X_A,1MWN_X_A,2.301029996
1N4M_C_A,1N4M_C_A,2.278753601
1N5Z_P_A,1N5Z_P_A,4.643452676
1NLT_B_A,1NLT_B_A,4.079181246
1NY2_4_2,1NY2_4_2,6.243038049
1NZL_C_B,1NZL_C_B,1.84509804
1NZV_C_B,1NZV_C_B,2.602059991
1O9D_P_A,1O9D_P_A,3.397940009
1O9K_P_A,1O9K_P_A,2.531478917
1OAI_B_A,1OAI_B_A,4
1OBX_B_A,1OBX_B_A,3.278753601
1OEB_C_B,1OEB_C_B,2.071882007
1OJ5_B_A,1OJ5_B_A,2.903089987
1OK7_C_B,1OK7_C_B,3.079181246
1OM2_B_A,1OM2_B_A,4.301029996
1OM9_P_A,1OM9_P_A,4.84509804
1OQP_B_A,1OQP_B_A,1.698970004
1OSG_G_A,1OSG_G_A,1.477121255
1OV3_C_A,1OV3_C_A,2.278753601
1OW6_D_A,1OW6_D_A,3.602059991
1OW8_D_A,1OW8_D_A,3.602059991
1OXG_B_A,1OXG_B_A,-1.568636236
1OXN_F_E,1OXN_F_E,3.322219295
1OXQ_F_E,1OXQ_F_E,2.698970004
1OY7_F_E,1OY7_F_E,3.643452676
1P03_P_A,1P03_P_A,0.806179974
1P04_P_A,1P04_P_A,1.602059991
1P4U_B_A,1P4U_B_A,3.698970004
1PCG_E_A,1PCG_E_A,1.397940009
1PDQ_B_A,1PDQ_B_A,3.698970004
1PRL_A_C,1PRL_A_C,4.770852012
1PTS_P_B,1PTS_P_B,2.602059991
1PZ5_C_A,1PZ5_C_A,3.602059991
1Q4K_D_A,1Q4K_D_A,2.447158031
1QJA_Q_B,1QJA_Q_B,2.619093331
1QJB_Q_A,1QJB_Q_A,2.619093331
1QNG_D_A,1QNG_D_A,1.113943352
1QSC_D_A,1QSC_D_A,5.322219295
1QWE_B_A,1QWE_B_A,3.079181246
1QWF_B_A,1QWF_B_A,2.653212514
1R17_C_A,1R17_C_A,2.57863921
1RLP_R_C,1RLP_R_C,3.903089987
1RST_P_B,1RST_P_B,4.568201724
1RZX_B_A,1RZX_B_A,4.903089987
1SFI_I_A,1SFI_I_A,-1
1SHC_B_A,1SHC_B_A,1.72427587
1SM3_P_H,1SM3_P_H,4.380211242
1SPS_D_A,1SPS_D_A,0.477121255
1T29_B_A,1T29_B_A,2.954242509
1T2V_F_A,1T2V_F_A,2.602059991
1T37_P_A,1T37_P_A,4.653212514
1T7R_B_A,1T7R_B_A,3.041392685
1UEF_C_A,1UEF_C_A,3.505149978
1UJ0_B_A,1UJ0_B_A,4.431363764
1UJJ_C_A,1UJJ_C_A,2.903089987
1UKH_B_A,1UKH_B_A,2.62324929
1UMW_E_A,1UMW_E_A,2.447158031
1UPK_B_A,1UPK_B_A,2.602059991
1UTC_P_A,1UTC_P_A,4.447158031
1UTI_D_A,1UTI_D_A,3.380211242
1VYJ_B_A,1VYJ_B_A,2
1W80_P_A,1W80_P_A,4.456366033
1W9U_C_A,1W9U_C_A,2.908485019
1W9V_C_A,1W9V_C_A,2.662757832
1X8S_B_A,1X8S_B_A,3.903089987
1XB7_P_A,1XB7_P_A,2.77815125
1XN3_I_B,1XN3_I_B,1.602059991
1Y19_A_B,1Y19_A_B,2.230448921
1Y2A_P_C,1Y2A_P_C,1.660865478
1Y3A_E_A,1Y3A_E_A,3.591064607
1Y98_B_A,1Y98_B_A,3.568201724
1YBO_C_A,1YBO_C_A,5.204119983
1YVH_B_A,1YVH_B_A,1.633468456
1YWH_B_A,1YWH_B_A,1.214843848
1YY6_B_A,1YY6_B_A,2.934498451
1ZEA_A_H,1ZEA_A_H,3.77815125
1ZKK_E_A,1ZKK_E_A,4.51851394
1ZUB_B_A,1ZUB_B_A,2.431363764
2A0T_B_A,2A0T_B_A,4.176091259
2A25_B_A,2A25_B_A,4.380211242
2AOF_C_A,2AOF_C_A,4.450249108
2AOH_C_A,2AOH_C_A,4.559906625
2AQ9_X_A,2AQ9_X_A,1.698970004
2ASU_A_B,2ASU_A_B,0
2AZM_C_A,2AZM_C_A,3.342422681
2B2V_D_A,2B2V_D_A,4.230448921
2B7F_I_A,2B7F_I_A,1.698970004
2BBA_P_A,2BBA_P_A,1.84509804
2BGN_W_A,2BGN_W_A,3.301029996
2BGR_Y_A,2BGR_Y_A,5.397940009
2BJ4_C_A,2BJ4_C_A,4.531478917
2BR8_F_A,2BR8_F_A,1.5132176
2BYP_F_A,2BYP_F_A,-0.055517328
2BZ8_C_A,2BZ8_C_A,3.397940009
2CE9_X_A,2CE9_X_A,2.968482949
2CI9_L_A,2CI9_L_A,1.77815125
2CIA_L_A,2CIA_L_A,2.568201724
2CO0_B_A,2CO0_B_A,3.51851394
2DF6_C_A,2DF6_C_A,3.021189299
2DWX_P_A,2DWX_P_A,5.255272505
2EMT_C_A,2EMT_C_A,2.303196057
2F6J_P_A,2F6J_P_A,3.431363764
2FCI_B_A,2FCI_B_A,1.84509804
2FLU_P_X,2FLU_P_X,1.301029996
2FTS_P_A,2FTS_P_A,1.954242509
2FYS_D_A,2FYS_D_A,4.643452676
2G6Q_B_A,2G6Q_B_A,3.176091259
2GFA_C_A,2GFA_C_A,4.017033339
2GPH_B_A,2GPH_B_A,3.698970004
2H2G_B_A,2H2G_B_A,3.963787827
2H2H_B_A,2H2H_B_A,4.021189299
2H9M_B_A,2H9M_B_A,4.544068044
2HDX_G_A,2HDX_G_A,2.740362689
2HMH_B_A,2HMH_B_A,1.84509804
2HUG_B_A,2HUG_B_A,3.025305865
2IG0_B_A,2IG0_B_A,4.294466226
2IV9_P_A,2IV9_P_A,4.662757832
2IVZ_E_A,2IVZ_E_A,2.963787827
2JK9_B_A,2JK9_B_A,2.176091259
2JKR_P_A,2JKR_P_A,2.929418926
2JKT_P_A,2JKT_P_A,2.491361694
2JNW_B_A,2JNW_B_A,2.892094603
2JOA_B_A,2JOA_B_A,3.041392685
2JQ9_B_A,2JQ9_B_A,4.523746467
2JQI_B_A,2JQI_B_A,4
2JQK_B_A,2JQK_B_A,5.604226053
2JQL_B_A,2JQL_B_A,2.477121255
2K00_B_A,2K00_B_A,4.380211242
2K2R_B_A,2K2R_B_A,6.113943352
2K3W_B_A,2K3W_B_A,3.763427994
2K7L_B_A,2K7L_B_A,2.84509804
2KBR_B_A,2KBR_B_A,4.404833717
2KBS_B_A,2KBS_B_A,4
2KE1_B_A,2KE1_B_A,3.698970004
2KFF_B_A,2KFF_B_A,5.389166084
2KFG_B_A,2KFG_B_A,6.079181246
2KFH_B_A,2KFH_B_A,6.380211242
2KGI_B_A,2KGI_B_A,2.875061263
2KHH_B_A,2KHH_B_A,2.440909082
2KNH_B_A,2KNH_B_A,3.84509804
2KOH_B_A,2KOH_B_A,3.77815125
2KPL_B_A,2KPL_B_A,2.361727836
2KS9_B_A,2KS9_B_A,6.955206538
2KSP_B_A,2KSP_B_A,4.755874856
2KUP_B_A,2KUP_B_A,2.301029996
2KVM_B_A,2KVM_B_A,5.035029282
2KWN_B_A,2KWN_B_A,3.86923172
2KZU_B_A,2KZU_B_A,4.77815125
2L0I_B_A,2L0I_B_A,4.176091259
2L11_B_A,2L11_B_A,4.176091259
2L12_B_A,2L12_B_A,4.740362689
2L1B_B_A,2L1B_B_A,5.041392685
2L3R_B_A,2L3R_B_A,4.342422681
2L6E_B_A,2L6E_B_A,3
2L6J_B_A,2L6J_B_A,2.740362689
2L75_B_A,2L75_B_A,2.954242509
2L7U_B_A,2L7U_B_A,5.017033339
2L8J_B_A,2L8J_B_A,3.477121255
2LBM_C_A,2LBM_C_A,2.431363764
2LCS_B_A,2LCS_B_A,2.301029996
2LCT_B_A,2LCT_B_A,3.861534411
2LGF_B_A,2LGF_B_A,3.431363764
2LL7_B_A,2LL7_B_A,0.204119983
2LLO_B_A,2LLO_B_A,3.176091259
2LNW_B_A,2LNW_B_A,3.146128036
2LO6_B_A,2LO6_B_A,5.053078443
2LOZ_B_A,2LOZ_B_A,4.937016107
2LP8_B_A,2LP8_B_A,1.484299839
2LSK_B_A,2LSK_B_A,4.113943352
2LSP_A_B,2LSP_A_B,5.437750563
2LSR_B_A,2LSR_B_A,3.755874856
2LSV_B_A,2LSV_B_A,3.733197265
2LTO_B_A,2LTO_B_A,5.886490725
2M0O_B_A,2M0O_B_A,3.62324929
2M0U_B_A,2M0U_B_A,2.562292864
2M3M_B_A,2M3M_B_A,3.983626287
2M41_A_B,2M41_A_B,3.903089987
2MG5_B_A,2MG5_B_A,2.84509804
2MKR_B_A,2MKR_B_A,2.73239376
2MNZ_B_A,2MNZ_B_A,3.806179974
2MOW_B_A,2MOW_B_A,3.037426498
2MPM_B_A,2MPM_B_A,3.113943352
2MPS_B_A,2MPS_B_A,3.591064607
2MS4_B_A,2MS4_B_A,4.176091259
2MWO_B_A,2MWO_B_A,4.301029996
2MWP_B_A,2MWP_B_A,2.954242509
2MWY_B_A,2MWY_B_A,2.176091259
2N1G_B_A,2N1G_B_A,3.361727836
2N3K_B_A,2N3K_B_A,2.201397124
2N9E_A_B,2N9E_A_B,3.954242509
2N9X_B_A,2N9X_B_A,2.602059991
2NCZ_B_A,2NCZ_B_A,5.147676324
2ND0_B_A,2ND0_B_A,5.802773725
2NDF_B_A,2NDF_B_A,4.774516966
2NDG_B_A,2NDG_B_A,4.28780173
2NM1_B_A,2NM1_B_A,1.531478917
2NMB_B_A,2NMB_B_A,2.72427587
2NWN_B_A,2NWN_B_A,2.698970004
2NXD_P_A,2NXD_P_A,3.342422681
2NXL_P_A,2NXL_P_A,2.73239376
2NXM_P_A,2NXM_P_A,3.806179974
2O9V_B_A,2O9V_B_A,5.459392488
2ODD_B_A,2ODD_B_A,5.039017322
2OI3_B_A,2OI3_B_A,2.361727836
2OQS_B_A,2OQS_B_A,3.113943352
2OVQ_C_B,2OVQ_C_B,1.84509804
2PEH_C_A,2PEH_C_A,3.041392685
2PEM_R_A,2PEM_R_A,5.361727836
2PL9_D_A,2PL9_D_A,4.828659897
2PNX_B_A,2PNX_B_A,3.897627091
2PR9_P_A,2PR9_P_A,1.625312451
2PUY_E_B,2PUY_E_B,4.477121255
2PV1_B_A,2PV1_B_A,1.86332286
2PV2_E_A,2PV2_E_A,3.089905111
2Q8Y_B_A,2Q8Y_B_A,5.008600172
2QBW_B_A,2QBW_B_A,1.748188027
2QBX_D_B,2QBX_D_B,3.77815125
2QIC_B_A,2QIC_B_A,3.51851394
2QL5_G_B,2QL5_G_B,0.903089987
2QQS_C_A,2QQS_C_A,2.602059991
2QT5_X_A,2QT5_X_A,3.973127854
2R02_B_A,2R02_B_A,3.903089987
2R03_B_A,2R03_B_A,3.84509804
2R05_B_A,2R05_B_A,3.84509804
2R0Y_B_A,2R0Y_B_A,6
2R3Y_D_A,2R3Y_D_A,3.505149978
2R7G_B_A,2R7G_B_A,2.954242509
2R9B_C_A,2R9B_C_A,2.432969291
2RNW_B_A,2RNW_B_A,6.021602716
2RNX_B_A,2RNX_B_A,5.604226053
2RNY_B_A,2RNY_B_A,5.338456494
2ROL_B_A,2ROL_B_A,4.380211242
2RQU_B_A,2RQU_B_A,4.372912003
2RR4_B_A,2RR4_B_A,4.222716471
2RT5_B_A,2RT5_B_A,2.278753601
2RVN_B_A,2RVN_B_A,2.230448921
2UZ6_K_A,2UZ6_K_A,0.230448921
2V7D_P_A,2V7D_P_A,2.414973348
2V83_D_A,2V83_D_A,4.5289167
2V85_D_A,2V85_D_A,4.539076099
2V86_D_B,2V86_D_B,4.539076099
2V87_D_A,2V87_D_A,4.399673721
2V88_D_A,2V88_D_A,4.914343157
2VNF_B_A,2VNF_B_A,3.477121255
2VPG_P_A,2VPG_P_A,3.322219295
2VR3_C_A,2VR3_C_A,4.021189299
2VWF_B_A,2VWF_B_A,3.939519253
2W0P_C_A,2W0P_C_A,2.477121255
2W0Z_B_A,2W0Z_B_A,4.972202838
2W10_C_B,2W10_C_B,2.230448921
2W2U_C_A,2W2U_C_A,4.544068044
2W3O_C_A,2W3O_C_A,2.278753601
2W6T_C_B,2W6T_C_B,0.431363764
2W6U_C_B,2W6U_C_B,4
2W73_K_A,2W73_K_A,2.477121255
2W77_C_B,2W77_C_B,-0.187086643
2W78_C_B,2W78_C_B,0.431363764
2W85_B_A,2W85_B_A,3.962369336
2W9R_B_A,2W9R_B_A,3.681241237
2WA8_B_A,2WA8_B_A,3.579783597
2WFJ_B_A,2WFJ_B_A,1.84509804
2WP1_P_A,2WP1_P_A,5.399673721
2XHS_B_A,2XHS_B_A,2.995635195
2XL2_C_A,2XL2_C_A,3.748188027
2XQQ_E_A,2XQQ_E_A,4.181843588
2XRW_B_A,2XRW_B_A,3.851258349
2XS8_B_A,2XS8_B_A,4.389166084
2XXN_B_A,2XXN_B_A,2.591064607
2Y8O_B_A,2Y8O_B_A,3.875061263
2Y9Q_B_A,2Y9Q_B_A,2.84509804
2YNN_P_A,2YNN_P_A,3.832508913
2YNR_B_A,2YNR_B_A,3.230448921
2YNS_C_A,2YNS_C_A,1.397940009
2YQ6_B_A,2YQ6_B_A,1.653212514
2Z5S_P_M,2Z5S_P_M,3.342422681
2Z6W_M_A,2Z6W_M_A,1.127104798
3AL3_B_A,3AL3_B_A,3.322219295
3ASK_P_A,3ASK_P_A,2.568201724
3AX5_B_A,3AX5_B_A,3.146128036
3B95_P_B,3B95_P_B,3.84509804
3BIM_I_A,3BIM_I_A,3.120573931
3BL2_C_A,3BL2_C_A,3.198657087
3BTR_B_C,3BTR_B_C,3.698970004
3BU8_C_A,3BU8_C_A,2.079181246
3BUM_A_B,3BUM_A_B,2.505149978
3BUN_A_B,3BUN_A_B,2.785329835
3BUO_A_B,3BUO_A_B,2.944482672
3BUW_A_B,3BUW_A_B,3.173186268
3BUX_A_B,3BUX_A_B,3.372912003
3C3O_B_A,3C3O_B_A,4.643452676
3C3Q_B_A,3C3Q_B_A,4.681241237
3C3R_B_A,3C3R_B_A,4.612783857
3C6W_B_A,3C6W_B_A,3.380211242
3C88_B_A,3C88_B_A,2.195899652
3C89_B_A,3C89_B_A,2.926856709
3C8A_B_A,3C8A_B_A,2.819543936
3C8B_B_A,3C8B_B_A,2.895422546
3C94_B_A,3C94_B_A,2.133538908
3CFS_E_B,3CFS_E_B,3.041392685
3CFV_E_B,3CFV_E_B,2.954242509
3COJ_H_A,3COJ_H_A,3.716003344
3CYY_C_A,3CYY_C_A,4.225309282
3D1E_P_A,3D1E_P_A,3.230448921
3D1F_P_A,3D1F_P_A,3.255272505
3D32_C_A,3D32_C_A,2.549003262
3D9K_Y_A,3D9K_Y_A,4.278753601
3DIW_C_A,3DIW_C_A,2.278753601
3DNJ_C_A,3DNJ_C_A,2.176091259
3DOW_B_A,3DOW_B_A,4.06069784
3DPC_C_B,3DPC_C_B,4.643452676
3DPO_C_A,3DPO_C_A,0.740362689
3DRF_B_A,3DRF_B_A,2
3DRG_B_A,3DRG_B_A,2
3DRI_B_A,3DRI_B_A,4.57634135
3DS0_T_A,3DS0_T_A,4.173186268
3DS9_B_A,3DS9_B_A,1.612783857
3DVP_C_A,3DVP_C_A,4
3E1R_C_A,3E1R_C_A,3.176091259
3EBB_E_A,3EBB_E_A,3.698970004
3EG6_C_A,3EG6_C_A,3.230448921
3EMH_B_A,3EMH_B_A,2.146128036
3EOV_C_A,3EOV_C_A,1.799340549
3EQS_B_A,3EQS_B_A,0.51851394
3EQY_C_A,3EQY_C_A,0.949390007
3EU7_X_A,3EU7_X_A,2.819543936
3FDT_T_A,3FDT_T_A,4.477121255
3FWV_C_A,3FWV_C_A,3.361727836
3G2S_C_A,3G2S_C_A,2.77815125
3G2U_C_A,3G2U_C_A,3.73239376
3G2W_C_A,3G2W_C_A,3.342422681
3G7L_P_A,3G7L_P_A,2.278753601
3GDS_B_A,3GDS_B_A,2.491361694
3GJQ_E_A,3GJQ_E_A,3.672097858
3GJT_E_A,3GJT_E_A,2.230448921
3H1Z_P_A,3H1Z_P_A,4.342422681
3H52_N_A,3H52_N_A,4.146128036
3H6Z_L_A,3H6Z_L_A,3.176091259
3H85_P_A,3H85_P_A,3.77815125
3H91_C_A,3H91_C_A,5.267171728
3HIK_B_A,3HIK_B_A,2.648360011
3HQH_M_A,3HQH_M_A,4.803457116
3HS8_P_A,3HS8_P_A,3.698970004
3HS9_P_A,3HS9_P_A,2.69019608
3I5R_B_A,3I5R_B_A,4.602059991
3IBC_E_A,3IBC_E_A,4.093421685
3IIW_B_A,3IIW_B_A,4.561101384
3IIY_B_A,3IIY_B_A,4.204119983
3IJ0_B_A,3IJ0_B_A,4.120573931
3IJ1_B_A,3IJ1_B_A,4.301029996
3IQG_P_X,3IQG_P_X,4.396199347
3IQH_P_X,3IQH_P_X,4.411619706
3IQI_P_X,3IQI_P_X,4.587710965
3IQJ_P_A,3IQJ_P_A,4.068185862
3IQQ_B_A,3IQQ_B_A,3.462397998
3IQU_P_A,3IQU_P_A,4.230448921
3ISW_C_A,3ISW_C_A,4.954242509
3IUX_B_A,3IUX_B_A,1.399673721
3IVV_D_A,3IVV_D_A,3.568201724
3IWY_B_A,3IWY_B_A,1.72427587
3JPX_B_A,3JPX_B_A,5.371067862
3JVK_C_A,3JVK_C_A,5.071882007
3JZH_B_A,3JZH_B_A,5.602059991
3K05_C_A,3K05_C_A,4.146128036
3K0H_B_A,3K0H_B_A,4.397940009
3K26_B_A,3K26_B_A,5.602059991
3K27_B_A,3K27_B_A,4.556302501
3KTR_B_A,3KTR_B_A,2.84509804
3KZE_D_A,3KZE_D_A,5.049218023
3L3Q_B_A,3L3Q_B_A,1.725911632
3L6X_B_A,3L6X_B_A,4.602059991
3L81_B_A,3L81_B_A,4.471291711
3LGL_B_A,3LGL_B_A,2.954242509
3LL8_E_A,3LL8_E_A,2.602059991
3LNJ_B_A,3LNJ_B_A,2.340444115
3LNZ_B_A,3LNZ_B_A,-0.30980392
3LQI_R_A,3LQI_R_A,3.838849091
3M17_I_A,3M17_I_A,1.602059991
3ME9_C_A,3ME9_C_A,2.698970004
3MEU_C_A,3MEU_C_A,2.698970004
3ML4_E_A,3ML4_E_A,3.672097858
3MO8_B_A,3MO8_B_A,5.903089987
3MP1_P_A,3MP1_P_A,2.903089987
3MUK_D_A,3MUK_D_A,5.579783597
3MXC_L_A,3MXC_L_A,2.456517858
3MXY_L_A,3MXY_L_A,2.585235063
3N5E_D_A,3N5E_D_A,2.178976947
3N5U_C_A,3N5U_C_A,3.079181246
3NF3_C_A,3NF3_C_A,2.804888745
3NFK_C_A,3NFK_C_A,5.204119983
3NFL_E_A,3NFL_E_A,4.62324929
3NIN_D_A,3NIN_D_A,4.093421685
3NKX_P_A,3NKX_P_A,3.875061263
3NTH_C_A,3NTH_C_A,4.681241237
3NTI_C_A,3NTI_C_A,3.77815125
3O0E_L_A,3O0E_L_A,3.255272505
3O1D_B_A,3O1D_B_A,3.255272505
3OAP_B_A,3OAP_B_A,2.740362689
3OB1_A_B,3OB1_A_B,3.583198774
3OB2_A_B,3OB2_A_B,4.411619706
3OBQ_B_A,3OBQ_B_A,5.462397998
3OBX_B_A,3OBX_B_A,5.113943352
3OE0_I_A,3OE0_I_A,0.397940009
3OMC_C_A,3OMC_C_A,4
3OMG_C_A,3OMG_C_A,4.278753601
3OQ5_D_A,3OQ5_D_A,4.447158031
3P4F_B_A,3P4F_B_A,3.342422681
3PDH_D_A,3PDH_D_A,2.26245109
3PKN_B_A,3PKN_B_A,4.342422681
3PLU_C_A,3PLU_C_A,3.227886705
3POA_B_A,3POA_B_A,2
3PQZ_L_A,3PQZ_L_A,4.544068044
3PSL_C_A,3PSL_C_A,2.113943352
3PUJ_C_A,3PUJ_C_A,4.491361694
3PUK_C_A,3PUK_C_A,4.255272505
3PXE_E_A,3PXE_E_A,3.301029996
3Q4J_H_B,3Q4J_H_B,2.787460475
3Q4K_C_A,3Q4K_C_A,1.949390007
3Q5U_B_A,3Q5U_B_A,4.687528961
3Q6S_E_A,3Q6S_E_A,2.255272505
3Q8D_E_A,3Q8D_E_A,1.77815125
3QN7_B_A,3QN7_B_A,2.195899652
3QNJ_C_A,3QNJ_C_A,3
3QO2_P_A,3QO2_P_A,2.146128036
3QW5_B_A,3QW5_B_A,2.553883027
3QZV_C_A,3QZV_C_A,4.838849091
3R0H_A_B,3R0H_A_B,3.079181246
3R42_B_A,3R42_B_A,4.924279286
3RBQ_G_A,3RBQ_G_A,2.73239376
3RDV_E_A,3RDV_E_A,4.089905111
3RL7_G_A,3RL7_G_A,4.260071388
3RQE_E_C,3RQE_E_C,4.230448921
3RQF_E_A,3RQF_E_A,4.591064607
3RQG_E_C,3RQG_E_C,4.361727836
3RTX_C_A,3RTX_C_A,5.1430148
3RZ9_B_A,3RZ9_B_A,2.079181246
3SHV_C_A,3SHV_C_A,2.342422681
3SNA_H_A,3SNA_H_A,4.861713588
3SNB_H_A,3SNB_H_A,4.615318657
3SNC_H_A,3SNC_H_A,4.612571954
3SND_C_A,3SND_C_A,3.91750551
3SO6_Q_A,3SO6_Q_A,3.612783857
3SOU_D_A,3SOU_D_A,3.322219295
3SW9_P_A,3SW9_P_A,3.62324929
3SXU_C_A,3SXU_C_A,3.949390007
3T5I_Q_D,3T5I_Q_D,2.176091259
3T6B_C_A,3T6B_C_A,2.643452676
3T6R_D_B,3T6R_D_B,3.342422681
3T7G_D_B,3T7G_D_B,3.800717078
3TDU_E_B,3TDU_E_B,3.33243846
3TDZ_E_A,3TDZ_E_A,2.176091259
3TG5_B_A,3TG5_B_A,4.301029996
3TIW_C_A,3TIW_C_A,1.328379603
3TKZ_P_A,3TKZ_P_A,3.079181246
3TL0_B_A,3TL0_B_A,2.414973348
3TPX_B_A,3TPX_B_A,-0.346787486
3TSZ_B_A,3TSZ_B_A,4.544068044
3TWR_E_A,3TWR_E_A,3.806179974
3TWS_E_A,3TWS_E_A,3.477121255
3TWU_B_A,3TWU_B_A,3.380211242
3TWV_E_A,3TWV_E_A,4.235528447
3TWW_C_A,3TWW_C_A,3.62324929
3TWX_C_A,3TWX_C_A,3.740362689
3TZD_T_A,3TZD_T_A,4.716003344
3U1I_E_C,3U1I_E_C,3.748188027
3U2Q_B_A,3U2Q_B_A,0.77815125
3U3F_E_A,3U3F_E_A,3.903089987
3UAL_P_A,3UAL_P_A,3.190331698
3UAT_B_A,3UAT_B_A,2.342422681
3UED_B_A,3UED_B_A,4.471291711
3UEO_E_B,3UEO_E_B,4.973127854
3UI2_B_A,3UI2_B_A,2.633468456
3UIG_P_A,3UIG_P_A,3.681241237
3UIH_P_A,3UIH_P_A,5.08278537
3UII_P_A,3UII_P_A,4
3UNN_B_A,3UNN_B_A,4.602059991
3UPV_B_A,3UPV_B_A,3.698970004
3URI_B_A,3URI_B_A,0
3UVK_B_A,3UVK_B_A,2.204119983
3UVL_B_A,3UVL_B_A,3.307496038
3UVM_B_A,3UVM_B_A,1.477121255
3UVN_B_A,3UVN_B_A,2.414973348
3UVO_B_A,3UVO_B_A,2
3UVU_B_A,3UVU_B_A,1.62324929
3UVW_B_A,3UVW_B_A,3.832508913
3UVX_B_A,3UVX_B_A,4.663700925
3UW9_E_A,3UW9_E_A,4.437750563
3UXG_B_A,3UXG_B_A,5.037426498
3UZD_B_A,3UZD_B_A,3.954242509
3V2O_B_A,3V2O_B_A,3.69019608
3V2X_B_A,3V2X_B_A,3.653212514
3V30_B_A,3V30_B_A,5.264817823
3V31_B_A,3V31_B_A,3.204119983
3V3B_C_B,3V3B_C_B,1.740362689
3V43_Q_A,3V43_Q_A,4.367355921
3V7D_E_B,3V7D_E_B,2.612783857
3VA4_C_B,3VA4_C_B,4.602059991
3WDC_B_A,3WDC_B_A,1.079181246
3WP0_B_A,3WP0_B_A,4.008600172
3WP1_A_B,3WP1_A_B,4.149219113
3WSY_C_A,3WSY_C_A,2.644438589
3WUT_C_A,3WUT_C_A,2.509202522
3WUU_C_A,3WUU_C_A,3.86332286
3WUV_C_A,3WUV_C_A,3.826074803
3ZEV_C_A,3ZEV_C_A,0.361727836
3ZKE_B_A,3ZKE_B_A,2.204119983
3ZMT_C_A,3ZMT_C_A,4.45331834
3ZMU_C_A,3ZMU_C_A,4.695481676
3ZMV_C_A,3ZMV_C_A,4.740362689
3ZMZ_C_A,3ZMZ_C_A,4.255272505
3ZN0_C_A,3ZN0_C_A,4.029383778
3ZN1_C_A,3ZN1_C_A,4.463892989
3ZQI_C_A,3ZQI_C_A,1.806179974
3ZVY_C_A,3ZVY_C_A,3.897627091
4A0J_C_A,4A0J_C_A,3
4A1W_P_A,4A1W_P_A,1.698970004
4A2A_C_A,4A2A_C_A,4.653212514
4A7J_B_A,4A7J_B_A,2
4AA1_P_A,4AA1_P_A,4.880813592
4AA2_P_A,4AA2_P_A,5.029383778
4ABI_B_A,4ABI_B_A,0.799340549
4ABJ_B_A,4ABJ_B_A,1.531478917
4AIF_D_A,4AIF_D_A,4.158362492
4AOM_T_A,4AOM_T_A,1.929418926
4APH_P_A,4APH_P_A,3.602059991
4APO_D_B,4APO_D_B,4.089905111
4AZA_B_A,4AZA_B_A,2.012837225
4B4N_B_A,4B4N_B_A,5.558708571
4B60_C_A,4B60_C_A,3.568201724
4B8O_B_A,4B8O_B_A,0.602059991
4B8P_C_A,4B8P_C_A,2.146128036
4B8Y_B_A,4B8Y_B_A,0.954242509
4B9W_P_A,4B9W_P_A,4.832508913
4BA3_B_A,4BA3_B_A,3.462397998
4BD3_B_A,4BD3_B_A,4.462397998
4BEA_B_A,4BEA_B_A,0.698970004
4BG6_Q_A,4BG6_Q_A,1.838849091
4BLB_E_A,4BLB_E_A,3.650307523
4BT9_C_A,4BT9_C_A,5.156851901
4BTB_C_A,4BTB_C_A,3.991226076
4BXU_B_A,4BXU_B_A,2
4CC2_B_A,4CC2_B_A,4.667452953
4CC3_B_A,4CC3_B_A,4.860338007
4CH2_P_B,4CH2_P_B,3.012837225
4CY1_C_B,4CY1_C_B,2.257678575
4CZS_E_A,4CZS_E_A,4
4DGB_B_A,4DGB_B_A,5.113943352
4DJS_B_A,4DJS_B_A,1.113943352
4DMA_E_A,4DMA_E_A,2.812913357
4DOW_C_A,4DOW_C_A,3.982271233
4DS1_B_A,4DS1_B_A,4.252853031
4DX9_L_I,4DX9_L_I,3.698970004
4E34_C_A,4E34_C_A,2.986771734
4E35_C_A,4E35_C_A,4.380211242
4E3B_C_A,4E3B_C_A,2.954242509
4E81_C_A,4E81_C_A,3.763427994
4E9C_B_A,4E9C_B_A,3.041392685
4EOY_D_A,4EOY_D_A,2.5132176
4EP2_B_A,4EP2_B_A,3.646403726
4EQF_B_A,4EQF_B_A,2.190331698
4ERQ_D_A,4ERQ_D_A,1.875061263
4ERY_D_A,4ERY_D_A,1.73239376
4ERZ_D_C,4ERZ_D_C,1.944482672
4ES0_C_A,4ES0_C_A,2.012837225
4ESG_C_B,4ESG_C_B,3.441223674
4EWR_C_A,4EWR_C_A,2.733197265
4EZO_C_A,4EZO_C_A,2.477121255
4EZQ_B_A,4EZQ_B_A,3.799340549
4EZR_B_A,4EZR_B_A,3.799340549
4EZT_B_A,4EZT_B_A,3.86923172
4EZX_C_A,4EZX_C_A,3.204119983
4EZY_B_A,4EZY_B_A,3.354108439
4EZZ_B_A,4EZZ_B_A,3.806179974
4F14_B_A,4F14_B_A,4.111598525
4F20_Q_A,4F20_Q_A,5.70612011
4FBX_B_A,4FBX_B_A,1.342422681
4FCM_C_A,4FCM_C_A,5.06069784
4FI9_B_A,4FI9_B_A,1.658964843
4FMN_C_A,4FMN_C_A,2.903089987
4FMO_C_A,4FMO_C_A,3.46834733
4FMQ_B_A,4FMQ_B_A,3.954242509
4FN5_B_A,4FN5_B_A,2.238046103
4FT2_P_B,4FT2_P_B,3.361727836
4FYS_C_A,4FYS_C_A,4.176091259
4GAO_C_B,4GAO_C_B,3.255272505
4GLY_B_A,4GLY_B_A,3.886490725
4GNE_B_A,4GNE_B_A,6.531478917
4GNF_C_A,4GNF_C_A,5.653212514
4GPK_M_A,4GPK_M_A,1.477121255
4GQ6_B_A,4GQ6_B_A,1.72427587
4GVC_B_A,4GVC_B_A,4.285557309
4GXL_B_A,4GXL_B_A,3.716003344
4GY5_E_A,4GY5_E_A,2.176091259
4H3Q_B_A,4H3Q_B_A,3.903089987
4H75_B_A,4H75_B_A,2.397940009
4HCZ_C_A,4HCZ_C_A,4.556302501
4HGC_I_A,4HGC_I_A,-1
4HPY_P_H,4HPY_P_H,-0.920818754
4HT6_B_A,4HT6_B_A,2.792391689
4HY9_C_A,4HY9_C_A,1.903089987
4HYB_C_A,4HYB_C_A,2.544068044
4I2W_B_A,4I2W_B_A,5.082066934
4I2Z_B_A,4I2Z_B_A,4.130333768
4I9C_C_A,4I9C_C_A,3.491361694
4IB5_D_A,4IB5_D_A,2.747932028
4IFI_B_A,4IFI_B_A,3.523746467
4IGK_C_A,4IGK_C_A,4.450249108
4IKN_B_A,4IKN_B_A,4.146128036
4IUR_C_B,4IUR_C_B,3.419955748
4J09_B_A,4J09_B_A,4.230448921
4J26_I_A,4J26_I_A,3.561101384
4J2C_B_A,4J2C_B_A,3.748188027
4J73_B_A,4J73_B_A,4.442479769
4J77_C_A,4J77_C_A,3.531478917
4J78_B_A,4J78_B_A,4.352182518
4J81_C_B,4J81_C_B,4.503790683
4J82_C_A,4J82_C_A,4.645422269
4J84_C_A,4J84_C_A,4.309630167
4J86_C_A,4J86_C_A,5.232742063
4J8B_B_A,4J8B_B_A,4.206825876
4J8G_C_B,4J8G_C_B,4.809559715
4JIZ_B_A,4JIZ_B_A,3.380211242
4JJM_E_A,4JJM_E_A,1.431363764
4JJQ_B_A,4JJQ_B_A,3.973127854
4JK5_B_A,4JK5_B_A,1.447158031
4JK6_B_A,4JK6_B_A,1.806179974
4JOE_C_A,4JOE_C_A,5.439332694
4JOF_C_A,4JOF_C_A,4.832508913
4JOG_C_A,4JOG_C_A,5.278753601
4JOH_C_A,4JOH_C_A,5.653212514
4JOJ_C_A,4JOJ_C_A,5.041392685
4JOK_C_A,4JOK_C_A,4.930949031
4K0U_B_A,4K0U_B_A,1.740362689
4K1E_B_A,4K1E_B_A,0.555094449
4K3M_E_A,4K3M_E_A,5.449015316
4K3P_E_A,4K3P_E_A,3.204119983
4K3Q_E_A,4K3Q_E_A,5.061075324
4K3R_E_A,4K3R_E_A,5.413467413
4K6Y_C_A,4K6Y_C_A,4.170261715
4K75_B_A,4K75_B_A,4.749736316
4K76_E_A,4K76_E_A,3.653212514
4KMD_B_A,4KMD_B_A,3.586587305
4KVM_I_E,4KVM_I_E,3.949390007
4L1U_G_B,4L1U_G_B,3.736396502
4L3O_E_A,4L3O_E_A,3
4L58_B_A,4L58_B_A,4.322219295
4LG6_B_A,4LG6_B_A,2.255272505
4LN2_B_A,4LN2_B_A,5.394451681
4LNP_B_A,4LNP_B_A,5.330413773
4M7C_C_A,4M7C_C_A,2.875061263
4MDR_B_A,4MDR_B_A,4.608526034
4MNW_B_A,4MNW_B_A,3.235528447
4MNX_B_A,4MNX_B_A,4.248708736
4MNY_C_A,4MNY_C_A,3.292256071
4MZ5_A_E,4MZ5_A_E,2.897627091
4MZ6_A_E,4MZ6_A_E,3.983175072
4MZF_A_B,4MZF_A_B,1.653212514
4MZH_B_A,4MZH_B_A,1.819543936
4N5T_B_A,4N5T_B_A,0.84509804
4N7G_B_A,4N7G_B_A,3.342422681
4N7Y_C_A,4N7Y_C_A,2.740362689
4N84_C_A,4N84_C_A,2.707570176
4NB3_C_A,4NB3_C_A,1.342422681
4NMO_C_A,4NMO_C_A,4.173186268
4NMP_C_A,4NMP_C_A,4.963315511
4NMQ_C_A,4NMQ_C_A,4.509202522
4NMR_C_A,4NMR_C_A,5.474216264
4NMX_Z_B,4NMX_Z_B,2.819543936
4NW2_B_A,4NW2_B_A,4.462397998
4NXQ_D_A,4NXQ_D_A,4.255272505
4NXR_B_A,4NXR_B_A,4.662757832
4NY3_C_A,4NY3_C_A,4.694605199
4O36_A_B,4O36_A_B,2.639486489
4O37_A_B,4O37_A_B,2.84135947
4O3T_P_A,4O3T_P_A,4.633468456
4O3U_P_A,4O3U_P_A,2.602059991
4O45_B_A,4O45_B_A,4.84509804
4O62_D_B,4O62_D_B,3.995635195
4O9W_B_A,4O9W_B_A,1.844539302
4ODK_B_A,4ODK_B_A,5.198657087
4ODL_C_B,4ODL_C_B,2.053078443
4ODM_E_A,4ODM_E_A,2.931966115
4ODN_B_A,4ODN_B_A,2.26245109
4ODP_B_A,4ODP_B_A,4.231979027
4ODQ_B_A,4ODQ_B_A,4.534660576
4OFB_B_A,4OFB_B_A,3.568201724
4OS1_B_A,4OS1_B_A,3.397940009
4OS2_B_A,4OS2_B_A,2.301029996
4OU3_B_A,4OU3_B_A,4.587710965
4OYK_C_A,4OYK_C_A,2.255272505
4OZ1_C_A,4OZ1_C_A,3.380211242
4P0A_B_A,4P0A_B_A,4.481442629
4P0B_B_A,4P0B_B_A,2.462397998
4PL6_C_A,4PL6_C_A,5.903089987
4PLI_C_A,4PLI_C_A,5.838849091
4PN1_E_A,4PN1_E_A,2.832508913
4PXF_B_A,4PXF_B_A,5.903089987
4PZ5_B_A,4PZ5_B_A,2.08278537
4PZ8_B_A,4PZ8_B_A,3.075546961
4Q6F_F_A,4Q6F_F_A,3.397940009
4QBM_C_A,4QBM_C_A,4.416307587
4QC1_D_A,4QC1_D_A,4.01494035
4QH7_C_A,4QH7_C_A,3.056904851
4QH8_C_A,4QH8_C_A,4.10720997
4QQ4_C_A,4QQ4_C_A,3.255272505
4QQI_X_A,4QQI_X_A,3.477121255
4R1E_B_A,4R1E_B_A,1.716003344
4RH5_B_A,4RH5_B_A,2.104828404
4RQI_E_A,4RQI_E_A,4.089905111
4RRV_B_A,4RRV_B_A,1.602059991
4RXH_A_B,4RXH_A_B,3.089905111
4TK1_C_A,4TK1_C_A,5.278753601
4TK3_C_A,4TK3_C_A,3.903089987
4TKN_D_A,4TKN_D_A,3.113943352
4TKY_F_B,4TKY_F_B,3.301029996
4TMP_B_A,4TMP_B_A,3.568201724
4TSZ_Q_A,4TSZ_Q_A,1.995635195
4TT2_P_A,4TT2_P_A,4.342422681
4TWT_E_A,4TWT_E_A,1
4TZM_C_A,4TZM_C_A,2.301029996
4TZN_C_A,4TZN_C_A,2.477121255
4TZQ_B_A,4TZQ_B_A,2.477121255
4U0A_B_A,4U0A_B_A,4.698970004
4U0C_B_A,4U0C_B_A,4.69019608
4U2W_B_A,4U2W_B_A,3
4U68_D_A,4U68_D_A,4.692846919
4U7T_F_A,4U7T_F_A,3.330413773
4U90_D_A,4U90_D_A,2.459392488
4U91_B_A,4U91_B_A,2.173186268
4UM9_E_A,4UM9_E_A,0.929418926
4UTR_C_A,4UTR_C_A,2.84509804
4UU5_B_A,4UU5_B_A,3.963787827
4UX9_F_A,4UX9_F_A,3.897627091
4V11_B_A,4V11_B_A,2.51054501
4W4Z_E_A,4W4Z_E_A,1.477121255
4W50_E_A,4W50_E_A,3.146128036
4WCI_B_A,4WCI_B_A,3.949390007
4WJ7_W_A,4WJ7_W_A,4.113943352
4WK2_C_A,4WK2_C_A,2.06069784
4WPH_C_B,4WPH_C_B,3.204119983
4WRQ_C_A,4WRQ_C_A,3.662757832
4WV6_B_A,4WV6_B_A,4.017033339
4WYM_M_A,4WYM_M_A,4.999130541
4X1Q_P_U,4X1Q_P_U,3.702430536
4X1S_P_U,4X1S_P_U,2.127104798
4X34_C_A,4X34_C_A,2.880813592
4X3E_B_A,4X3E_B_A,3.531478917
4X3H_B_A,4X3H_B_A,4.773786445
4X3I_B_A,4X3I_B_A,5.82672252
4X3K_C_A,4X3K_C_A,4.442479769
4X3S_C_B,4X3S_C_B,3.113943352
4X6S_L_A,4X6S_L_A,3.755874856
4X8N_B_A,4X8N_B_A,2.380211242
4X8P_B_A,4X8P_B_A,3.51851394
4XC2_E_A,4XC2_E_A,3.633468456
4XEK_C_A,4XEK_C_A,3.342422681
4XHV_B_A,4XHV_B_A,4.698970004
4XYN_P_A,4XYN_P_A,3.113943352
4Y7R_B_A,4Y7R_B_A,3.968482949
4YJE_B_A,4YJE_B_A,4.158362492
4YJL_G_A,4YJL_G_A,3.041392685
4YK6_B_A,4YK6_B_A,3.301029996
4YM4_B_A,4YM4_B_A,4.526339277
4YNL_D_A,4YNL_D_A,4.380211242
4YOZ_B_A,4YOZ_B_A,2.204119983
4YSI_B_A,4YSI_B_A,3.301029996
4YY6_Z_A,4YY6_Z_A,4.77815125
4YYI_C_A,4YYI_C_A,4.806179974
4YYM_Z_A,4YYM_Z_A,5.380211242
4Z0D_C_A,4Z0D_C_A,3.698970004
4Z0U_D_A,4Z0U_D_A,3.301029996
4Z2O_P_A,4Z2O_P_A,4.491361694
4Z2P_P_A,4Z2P_P_A,4.397940009
4Z5W_P_B,4Z5W_P_B,3.190331698
4Z68_E_A,4Z68_E_A,2.505149978
4Z7Q_G_B,4Z7Q_G_B,4.706717782
4Z88_M_A,4Z88_M_A,3.612783857
4Z89_A_B,4Z89_A_B,4.305351369
4Z8M_C_A,4Z8M_C_A,1.556302501
4ZDU_B_A,4ZDU_B_A,3.230448921
4ZHL_P_U,4ZHL_P_U,2.531478917
4ZHM_P_U,4ZHM_P_U,0.954242509
4ZNX_E_A,4ZNX_E_A,2.380211242
5A0E_C_A,5A0E_C_A,2.474216264
5A2I_P_H,5A2I_P_H,3.944482672
5A2J_P_H,5A2J_P_H,3.146128036
5AER_B_A,5AER_B_A,4.602059991
5AGU_C_A,5AGU_C_A,-1
5AH2_E_A,5AH2_E_A,-1.080921908
5AJO_B_A,5AJO_B_A,4.041392685
5AWT_B_A,5AWT_B_A,4.480006943
5AWU_B_A,5AWU_B_A,4.350248018
5AZG_C_A,5AZG_C_A,3.462397998
5B4W_G_A,5B4W_G_A,0.544068044
5B56_C_A,5B56_C_A,4.463892989
5B6C_B_A,5B6C_B_A,5.344392274
5BJT_P_A,5BJT_P_A,2.698970004
5C0M_C_B,5C0M_C_B,3.146128036
5C11_B_A,5C11_B_A,2.531478917
5C13_P_A,5C13_P_A,2.897627091
5CFA_D_B,5CFA_D_B,2.462397998
5CQX_C_A,5CQX_C_A,3.672097858
5CVD_D_A,5CVD_D_A,2.591064607
5D0J_L_A,5D0J_L_A,3.692846919
5D6Y_A_B,5D6Y_A_B,3.342422681
5D7E_C_A,5D7E_C_A,5.177824972
5DAH_C_B,5DAH_C_B,3.698970004
5DMS_B_A,5DMS_B_A,4.47099817
5DPW_B_A,5DPW_B_A,3.625312451
5E0L_C_A,5E0L_C_A,2.602059991
5E0M_C_A,5E0M_C_A,3.716003344
5E1B_D_A,5E1B_D_A,4.155336037
5E1D_D_A,5E1D_D_A,3.612783857
5E1M_D_A,5E1M_D_A,2.276461804
5E1O_D_A,5E1O_D_A,3.568201724
5E2Q_B_A,5E2Q_B_A,3.214843848
5E3A_B_A,5E3A_B_A,3.556302501
5E4W_E_C,5E4W_E_C,4.361727836
5E8F_D_A,5E8F_D_A,0.361727836
5EAY_E_D,5EAY_E_D,4.531478917
5EEL_L_C,5EEL_L_C,2.919078092
5EEQ_L_A,5EEQ_L_A,3.176091259
5EKG_B_A,5EKG_B_A,2.959041392
5ELQ_P_A,5ELQ_P_A,3.301029996
5EM9_B_A,5EM9_B_A,3.431363764
5EMA_B_A,5EMA_B_A,3.770852012
5EMB_B_A,5EMB_B_A,3.799340549
5EOK_K_A,5EOK_K_A,5.505149978
5EPP_B_A,5EPP_B_A,4.838219222
5ETA_D_B,5ETA_D_B,3.204119983
5ETF_B_A,5ETF_B_A,5.208172527
5EYZ_E_A,5EYZ_E_A,3
5EZ0_E_A,5EZ0_E_A,3.198657087
5FB0_D_A,5FB0_D_A,3.531478917
5FJW_L_A,5FJW_L_A,3.602059991
5FJX_D_B,5FJX_D_B,4.041392685
5FOS_C_A,5FOS_C_A,3.255272505
5FYQ_C_B,5FYQ_C_B,3.113943352
5GG4_E_A,5GG4_E_A,3.176091259
5GMV_D_B,5GMV_D_B,2.770852012
5GOW_A_B,5GOW_A_B,4.547774705
5GP7_B_A,5GP7_B_A,3.851258349
5GS4_B_A,5GS4_B_A,1.929418926
5GU4_C_A,5GU4_C_A,3.531478917
5H1E_C_A,5H1E_C_A,1.462397998
5H5Q_B_A,5H5Q_B_A,3.255272505
5H5R_B_A,5H5R_B_A,2.785329835
5H5S_B_A,5H5S_B_A,3.913813852
5H7G_C_A,5H7G_C_A,-0.244125144
5HDA_B_A,5HDA_B_A,3.86923172
5HEB_B_A,5HEB_B_A,2.903089987
5HED_B_A,5HED_B_A,4.556302501
5HJB_B_A,5HJB_B_A,3.322219295
5HJC_B_A,5HJC_B_A,4.653212514
5HJD_L_G,5HJD_L_G,3.755874856
5HKH_B_A,5HKH_B_A,3.908485019
5HOG_D_A,5HOG_D_A,5.361727836
5HUW_A_C,5HUW_A_C,2.76952502
5HYX_A_B,5HYX_A_B,2.447158031
5I22_B_A,5I22_B_A,1.380211242
5I25_B_A,5I25_B_A,5.51054501
5IAY_B_A,5IAY_B_A,3.201397124
5IGQ_U_A,5IGQ_U_A,2.397940009
5IH2_M_A,5IH2_M_A,3.235528447
5IQL_B_A,5IQL_B_A,4.439332694
5IX1_P_A,5IX1_P_A,2.69019608
5IXF_B_A,5IXF_B_A,3.477121255
5IXQ_B_A,5IXQ_B_A,4.301029996
5IXT_B_A,5IXT_B_A,4.397940009
5IY4_B_A,5IY4_B_A,4.191730393
5IYV_B_A,5IYV_B_A,5.130333768
5IZU_B_A,5IZU_B_A,1.73239376
5J19_C_A,5J19_C_A,2.397940009
5J31_C_A,5J31_C_A,2.491361694
5J3V_C_A,5J3V_C_A,2.01911629
5JEK_C_A,5JEK_C_A,5.017033339
5JEO_B_A,5JEO_B_A,4.198657087
5JJM_G_A,5JJM_G_A,1.485721426
5K6S_B_A,5K6S_B_A,2.740362689
5KEZ_B_A,5KEZ_B_A,0.84509804
5KLR_A_B,5KLR_A_B,1.278753601
5KLT_A_B,5KLT_A_B,2.243038049
5L7K_B_A,5L7K_B_A,-1.366531544
5LB7_C_A,5LB7_C_A,3.954242509
5LSO_C_A,5LSO_C_A,3.146128036
5LU2_C_B,5LU2_C_B,3.799340549
5LVF_B_A,5LVF_B_A,4.176091259
5LY1_E_C,5LY1_E_C,1.474216264
5LY3_B_A,5LY3_B_A,1.491361694
5LYN_C_A,5LYN_C_A,3.95616843
5M9D_B_A,5M9D_B_A,3.204119983
5MAV_G_C,5MAV_G_C,3.51851394
5MGX_A_F,5MGX_A_F,3.414973348
5MK1_E_A,5MK1_E_A,5.120573931
5MK3_E_A,5MK3_E_A,4.949390007
5MLO_B_A,5MLO_B_A,3.681241237
5MLW_B_A,5MLW_B_A,3.965671971
5N70_B_A,5N70_B_A,0.477121255
5N7G_C_A,5N7G_C_A,4.419955748
5N7X_C_B,5N7X_C_B,3.755874856
5N8B_E_A,5N8B_E_A,1.633468456
5N8E_E_B,5N8E_E_B,3.672097858
5N8J_P_C,5N8J_P_C,3.457881897
5N8W_C_B,5N8W_C_B,2.672097858
5N99_C_A,5N99_C_A,4.787460475
5NIN_C_A,5NIN_C_A,1.875061263
5NJX_B_A,5NJX_B_A,4.84509804
5NNE_C_A,5NNE_C_A,4.290034611
5NWI_P_A,5NWI_P_A,2.838849091
5NXQ_D_A,5NXQ_D_A,2.505149978
5ODS_E_A,5ODS_E_A,4.672097858
5OVC_B_A,5OVC_B_A,3.041392685
5OVP_B_A,5OVP_B_A,3.959041392
5OVV_B_A,5OVV_B_A,4.51851394
5SVE_C_A,5SVE_C_A,3.255272505
5SVZ_B_A,5SVZ_B_A,3.079181246
5SWF_B_A,5SWF_B_A,2.740362689
5T1I_C_A,5T1I_C_A,5.084576278
5T6J_C_A,5T6J_C_A,4.065579715
5T8R_E_D,5T8R_E_D,4.707570176
5TBN_C_A,5TBN_C_A,3.556302501
5TDR_B_A,5TDR_B_A,4.462397998
5TEG_D_A,5TEG_D_A,2.146128036
5TQ1_B_A,5TQ1_B_A,3.506505032
5TQS_E_A,5TQS_E_A,3.1430148
5TTW_B_A,5TTW_B_A,3.041392685
5TWG_E_A,5TWG_E_A,2.832508913
5TWH_E_A,5TWH_E_A,2.447158031
5U2J_D_B,5U2J_D_B,3.079181246
5U6K_L_A,5U6K_L_A,3.77815125
5UL6_M_A,5UL6_M_A,0.77815125
5UMZ_E_B,5UMZ_E_B,1.878636673
5UNJ_C_A,5UNJ_C_A,2.380211242
5UWI_D_C,5UWI_D_C,3.204119983
5UWJ_D_C,5UWJ_D_C,3.301029996
5UWP_D_C,5UWP_D_C,3.204119983
5V1Y_E_A,5V1Y_E_A,0.851258349
5V2P_B_A,5V2P_B_A,0.707570176
5V2Q_B_A,5V2Q_B_A,0.716003344
5V3R_B_A,5V3R_B_A,3.698970004
5V4B_C_B,5V4B_C_B,3
5V6Y_E_A,5V6Y_E_A,0.530199698
5VB9_C_A,5VB9_C_A,3.113943352
5VLH_Y_A,5VLH_Y_A,2.204119983
5VLL_Y_A,5VLL_Y_A,2.633468456
5VNB_K_A,5VNB_K_A,3.698970004
5VQI_A_B,5VQI_A_B,2.748188027
5VWI_C_A,5VWI_C_A,4.161368002
5VZU_E_B,5VZU_E_B,3.431363764
5W4S_B_A,5W4S_B_A,4.973127854
5W6U_D_A,5W6U_D_A,3.509202522
5W7I_B_A,5W7I_B_A,4.049218023
5W7X_H_D,5W7X_H_D,4.903089987
5W94_E_A,5W94_E_A,4.354108439
5WA1_B_A,5WA1_B_A,4.826074803
5WA4_M_A,5WA4_M_A,3.113943352
5WBK_T_A,5WBK_T_A,2.973127854
5WBL_T_A,5WBL_T_A,2.556302501
5WIR_D_B,5WIR_D_B,1.875639937
5WLE_C_A,5WLE_C_A,3.278753601
5WOU_V_A,5WOU_V_A,2.822168079
5WQD_H_A,5WQD_H_A,4.230448921
5WXF_P_U,5WXF_P_U,4.51851394
5WXG_P_A,5WXG_P_A,5.136720567
5X54_C_A,5X54_C_A,4
5XGL_F_A,5XGL_F_A,2.119255889
5XHZ_C_A,5XHZ_C_A,2.505149978
5XJM_B_A,5XJM_B_A,-0.366531544
5XN3_B_A,5XN3_B_A,2.82672252
5XUP_C_A,5XUP_C_A,3.748188027
5XWR_C_A,5XWR_C_A,3.017033339
5XXK_C_A,5XXK_C_A,0.801883707
5Y1U_C_B,5Y1U_C_B,3.880813592
5Y20_P_A,5Y20_P_A,4.482873584
5Y24_C_A,5Y24_C_A,0.662757832
5Y59_C_B,5Y59_C_B,3.707570176
5Y7W_C_A,5Y7W_C_A,1.301029996
5YBA_B_A,5YBA_B_A,4.225567713
5YBE_B_A,5YBE_B_A,2.763427994
5YC1_G_D,5YC1_G_D,4.663700925
5YC2_B_A,5YC2_B_A,4.056904851
5YC3_P_A,5YC3_P_A,4.152288344
5YCO_E_A,5YCO_E_A,4.409933123
5YGD_D_A,5YGD_D_A,1.73239376
5YGF_D_A,5YGF_D_A,2.792391689
5YPO_C_A,5YPO_C_A,1.903089987
5YV5_B_A,5YV5_B_A,3.591064607
5YVX_C_A,5YVX_C_A,3.11058971
5YYZ_B_A,5YYZ_B_A,4.820857989
5ZNP_P_A,5ZNP_P_A,4.31386722
5ZNR_P_A,5ZNR_P_A,4.328379603
5ZOO_A_G,5ZOO_A_G,3.348304863
5ZUJ_I_A,5ZUJ_I_A,4.217483944
6A6W_B_A,6A6W_B_A,3.568201724
6AR2_C_A,6AR2_C_A,2.59439255
6ASZ_P_A,6ASZ_P_A,4.278753601
6AXJ_G_A,6AXJ_G_A,4
6B27_G_A,6B27_G_A,3.968482949
6B67_D_A,6B67_D_A,3.949390007
6BGG_A_B,6BGG_A_B,4.977723605
6BHD_B_A,6BHD_B_A,3.968482949
6BHI_B_A,6BHI_B_A,4.745074792
6BNH_B_A,6BNH_B_A,5.198657087
6BUU_F_A,6BUU_F_A,3.556302501
6BVB_H_V,6BVB_H_V,2.292256071
6C4U_G_A,6C4U_G_A,2.902002891
6CDG_B_A,6CDG_B_A,3.278753601
6CF6_C_B,6CF6_C_B,3.763427994
6CO4_B_A,6CO4_B_A,1.431363764
6DRT_D_A,6DRT_D_A,4.029383778
6DUB_E_A,6DUB_E_A,4.255272505
6E49_D_B,6E49_D_B,2.602059991
6E83_A_B,6E83_A_B,2.602059991
6E8K_B_A,6E8K_B_A,2.959041392
6E8M_B_A,6E8M_B_A,2.72427587
6EQX_D_A,6EQX_D_A,-1.468521083
6EVN_C_A,6EVN_C_A,4.294466226
6EVO_C_A,6EVO_C_A,3.832508913
6EVP_C_A,6EVP_C_A,4.465382851
6EWW_E_A,6EWW_E_A,3.954242509
6EXJ_B_A,6EXJ_B_A,4.672097858
6EZI_B_A,6EZI_B_A,3.69019608
6F08_D_B,6F08_D_B,3.608526034
6F09_A_P,6F09_A_P,3.029383778
6F0Y_B_A,6F0Y_B_A,3.890979597
6F55_B_A,6F55_B_A,4.836324116
6F8G_E_A,6F8G_E_A,4.8162413
6FAU_B_A,6FAU_B_A,3.556302501
6FC6_B_A,6FC6_B_A,3.748188027
6FDP_B_A,6FDP_B_A,3.740362689
6FDT_B_A,6FDT_B_A,4.703291378
6FKQ_B_A,6FKQ_B_A,1
6FMP_C_A,6FMP_C_A,3.355068206
6G0Q_B_A,6G0Q_B_A,4.390935107
6G84_D_A,6G84_D_A,3.785329835
6G86_D_A,6G86_D_A,4.507855872
6GBE_B_A,6GBE_B_A,5.50242712
6GFX_D_B,6GFX_D_B,1.079181246
6GZL_B_A,6GZL_B_A,3.86332286
6H41_B_A,6H41_B_A,1.954242509
6H7B_B_A,6H7B_B_A,1.51851394
6HM4_B_A,6HM4_B_A,3.326335861
6HPG_A_E,6HPG_A_E,3.501059262
6MIL_B_A,6MIL_B_A,3.591064607
6MIM_B_A,6MIM_B_A,3.301029996
